{
    "version": "3.0",
    "shift_note": 12,
    "notes": [
        [
            48,
            true,
            0.0
        ],
        [
            48,
            false,
            0.1363635
        ],
        [
            48,
            true,
            0.545454
        ],
        [
            48,
            false,
            0.6818175
        ],
        [
            55,
            true,
            1.090908
        ],
        [
            55,
            false,
            1.2272715
        ],
        [
            55,
            true,
            1.636362
        ],
        [
            55,
            false,
            1.7727255000000002
        ],
        [
            57,
            true,
            2.1818160000000004
        ],
        [
            57,
            false,
            2.3181795000000003
        ],
        [
            57,
            true,
            2.7272700000000003
        ],
        [
            57,
            false,
            2.8636335
        ],
        [
            55,
            true,
            3.272724
        ],
        [
            55,
            false,
            3.4090875
        ],
        [
            53,
            true,
            4.363632
        ],
        [
            53,
            false,
            4.4999955
        ],
        [
            53,
            true,
            4.909086
        ],
        [
            53,
            false,
            5.0454495
        ],
        [
            52,
            true,
            5.45454
        ],
        [
            52,
            false,
            5.5909035
        ],
        [
            52,
            true,
            5.999993999999999
        ],
        [
            52,
            false,
            6.136357499999999
        ],
        [
            50,
            true,
            6.545447999999999
        ],
        [
            50,
            false,
            6.6818114999999985
        ],
        [
            50,
            true,
            7.090901999999998
        ],
        [
            50,
            false,
            7.227265499999998
        ],
        [
            48,
            true,
            7.6363559999999975
        ],
        [
            48,
            false,
            7.772719499999997
        ],
        [
            55,
            true,
            8.727263999999998
        ],
        [
            55,
            false,
            8.863627499999998
        ],
        [
            55,
            true,
            9.272717999999998
        ],
        [
            55,
            false,
            9.409081499999997
        ],
        [
            53,
            true,
            9.818171999999997
        ],
        [
            53,
            false,
            9.954535499999997
        ],
        [
            53,
            true,
            10.363625999999996
        ],
        [
            53,
            false,
            10.499989499999996
        ],
        [
            52,
            true,
            10.909079999999996
        ],
        [
            52,
            false,
            11.045443499999996
        ],
        [
            52,
            true,
            11.454533999999995
        ],
        [
            52,
            false,
            11.590897499999995
        ],
        [
            50,
            true,
            11.999987999999995
        ],
        [
            50,
            false,
            12.136351499999995
        ],
        [
            55,
            true,
            13.090895999999995
        ],
        [
            55,
            false,
            13.227259499999995
        ],
        [
            55,
            true,
            13.636349999999995
        ],
        [
            55,
            false,
            13.772713499999995
        ],
        [
            53,
            true,
            14.181803999999994
        ],
        [
            53,
            false,
            14.318167499999994
        ],
        [
            53,
            true,
            14.727257999999994
        ],
        [
            53,
            false,
            14.863621499999994
        ],
        [
            52,
            true,
            15.272711999999993
        ],
        [
            52,
            false,
            15.409075499999993
        ],
        [
            52,
            true,
            15.818165999999993
        ],
        [
            52,
            false,
            15.954529499999992
        ],
        [
            50,
            true,
            16.363619999999994
        ],
        [
            50,
            false,
            16.499983499999995
        ],
        [
            48,
            true,
            17.454527999999996
        ],
        [
            48,
            false,
            17.590891499999998
        ],
        [
            48,
            true,
            17.999982
        ],
        [
            48,
            false,
            18.1363455
        ],
        [
            55,
            true,
            18.545436000000002
        ],
        [
            55,
            false,
            18.681799500000004
        ],
        [
            55,
            true,
            19.090890000000005
        ],
        [
            55,
            false,
            19.227253500000007
        ],
        [
            57,
            true,
            19.63634400000001
        ],
        [
            57,
            false,
            19.77270750000001
        ],
        [
            57,
            true,
            20.18179800000001
        ],
        [
            57,
            false,
            20.318161500000013
        ],
        [
            55,
            true,
            20.727252000000014
        ],
        [
            55,
            false,
            20.863615500000016
        ],
        [
            53,
            true,
            21.818160000000017
        ],
        [
            53,
            false,
            21.95452350000002
        ],
        [
            53,
            true,
            22.36361400000002
        ],
        [
            53,
            false,
            22.49997750000002
        ],
        [
            52,
            true,
            22.909068000000023
        ],
        [
            52,
            false,
            23.045431500000024
        ],
        [
            52,
            true,
            23.454522000000026
        ],
        [
            52,
            false,
            23.590885500000027
        ],
        [
            50,
            true,
            23.99997600000003
        ],
        [
            50,
            false,
            24.13633950000003
        ],
        [
            50,
            true,
            24.54543000000003
        ],
        [
            50,
            false,
            24.681793500000033
        ],
        [
            48,
            true,
            25.090884000000035
        ],
        [
            48,
            false,
            25.227247500000036
        ]
    ]
}