{
    "version": "2.0",
    "midi": {
        "ticks_per_beat": 384,
        "tempo_events": [
            {
                "tick": 0,
                "seconds": 0.0,
                "tempo": 500000,
                "bpm": 120.0
            },
            {
                "tick": 0,
                "seconds": 0.0,
                "tempo": 545454,
                "bpm": 110.00011000011
            }
        ],
        "time_signature_events": [
            {
                "tick": 0,
                "seconds": 0.0,
                "numerator": 4,
                "denominator": 4,
                "clocks_per_click": 24,
                "notated_32nd_notes_per_beat": 8
            }
        ]
    },
    "tracks": [
        [
            [
                "wait",
                0.136363
            ],
            [
                "e3",
                0.409091
            ],
            [
                "wait",
                0.136363
            ],
            [
                "e3",
                0.409091
            ],
            [
                "wait",
                0.136364
            ],
            [
                "e3",
                0.40909
            ],
            [
                "wait",
                0.136364
            ],
            [
                "c3",
                0.272727
            ],
            [
                "g3",
                0.40909
            ],
            [
                "wait",
                0.409091
            ],
            [
                "c3",
                0.272727
            ],
            [
                "g3",
                0.40909
            ],
            [
                "wait",
                0.954545
            ],
            [
                "b3",
                0.136363
            ],
            [
                "wait",
                0.409091
            ],
            [
                "b3",
                0.136363
            ],
            [
                "wait",
                0.40909
            ],
            [
                "b3",
                0.136364
            ],
            [
                "wait",
                0.40909
            ],
            [
                "c4",
                0.136364
            ],
            [
                "wait",
                0.136363
            ],
            [
                "g3",
                0.136364
            ],
            [
                "wait",
                0.136363
            ],
            [
                "e3",
                0.136364
            ],
            [
                "wait",
                0.40909
            ],
            [
                "c3",
                0.136364
            ],
            [
                "wait",
                0.136363
            ],
            [
                "g3",
                0.136364
            ],
            [
                "wait",
                0.136363
            ],
            [
                "e3",
                0.136364
            ],
            [
                "wait",
                0.954544
            ],
            [
                "e4",
                0.136364
            ],
            [
                "wait",
                0.40909
            ],
            [
                "e3",
                0.136364
            ],
            [
                "wait",
                0.136363
            ],
            [
                "e3",
                0.136364
            ],
            [
                "e3",
                0.136363
            ],
            [
                "e4",
                0.136364
            ],
            [
                "wait",
                0.40909
            ],
            [
                "d#4",
                0.136364
            ],
            [
                "wait",
                0.136363
            ],
            [
                "d4",
                0.136364
            ],
            [
                "wait",
                0.136363
            ],
            [
                "c#4",
                0.136364
            ],
            [
                "c4",
                0.136363
            ],
            [
                "c#4",
                0.136364
            ],
            [
                "wait",
                0.954544
            ],
            [
                "e3",
                0.136364
            ],
            [
                "wait",
                0.136363
            ],
            [
                "a#3",
                0.136364
            ],
            [
                "wait",
                0.40909
            ],
            [
                "a3",
                0.136364
            ],
            [
                "wait",
                0.136363
            ],
            [
                "g#3",
                0.136364
            ],
            [
                "wait",
                0.136363
            ],
            [
                "g3",
                0.136364
            ],
            [
                "f#3",
                0.136363
            ],
            [
                "g3",
                0.136364
            ],
            [
                "wait",
                0.818181
            ],
            [
                "c3",
                0.136363
            ],
            [
                "wait",
                0.136364
            ],
            [
                "e3",
                0.136363
            ],
            [
                "wait",
                0.409091
            ],
            [
                "c3",
                0.136363
            ],
            [
                "wait",
                0.136364
            ],
            [
                "e3",
                0.136363
            ],
            [
                "wait",
                0.136364
            ],
            [
                "g3",
                0.136363
            ],
            [
                "wait",
                0.409091
            ],
            [
                "e3",
                0.136364
            ],
            [
                "wait",
                0.136363
            ],
            [
                "g3",
                0.136364
            ],
            [
                "wait",
                0.136363
            ],
            [
                "b3",
                0.136364
            ],
            [
                "wait",
                0.954544
            ],
            [
                "e4",
                0.136364
            ],
            [
                "wait",
                0.40909
            ],
            [
                "e3",
                0.136364
            ],
            [
                "wait",
                0.136363
            ],
            [
                "e3",
                0.136364
            ],
            [
                "e3",
                0.136363
            ],
            [
                "e4",
                0.136364
            ],
            [
                "wait",
                0.40909
            ],
            [
                "d#4",
                0.136364
            ],
            [
                "wait",
                0.136363
            ],
            [
                "d4",
                0.136364
            ],
            [
                "wait",
                0.136363
            ],
            [
                "c#4",
                0.136364
            ],
            [
                "c4",
                0.136363
            ],
            [
                "c#4",
                0.136364
            ],
            [
                "wait",
                0.954544
            ],
            [
                "e3",
                0.136364
            ],
            [
                "wait",
                0.136363
            ],
            [
                "a#3",
                0.136364
            ],
            [
                "wait",
